theme,topic_num
dm,1
x,1
x,2
x,2
mlm,2
mlm,2
x,2
x,2
mlm,2
x,2
dm,3
dm,3
dm,3
x,3
mdm,3
dm,3
dm,4
mlm,4
dm,4
dm,4
mlm,4
mlm,5
x,5
lm,5
x,5
x,5
x,5
x,5
lm,5
mdm,5
lm,5
dm,5
x,5
dm,5
mlm,5
x,6
mlm,6
dm,6
x,6
lm,6
lm,6
lm,6
mlm,6
dm,6
dm,7
x,7
x,7
mlm,7
x,7
mlm,7
mlm,7
lm,7
x,7
mlm,7
x,8
dm,8
x,8
mlm,9
x,9
x,9
dm,9
mlm,9
mdm,9
lm,9
mdm,9
dm,9
dm,9
dm,9
x,9
mlm,9
x,9
x,9
x,9
lm,9
lm,9
x,9
mlm,9
lm,9
mlm,9
lm,9
dm,9
mlm,9
lm,9
lm,9
mlm,9
x,9
x,9
mlm,9
mlm,9
lm,9
x,9
x,9
lm,9
dm,9
x,9
mlm,9
dm,9
dm,9
x,9
mlm,9
lm,9
lm,9
mlm,9
lm,9
x,9
lm,9
lm,9
dm,9
mlm,10
dm,10
x,10
x,10
dm,10
x,10
lm,10
lm,10
mlm,10
x,10
mlm,10
mlm,10
x,10
x,10
mlm,10
x,10
mdm,10
lm,10
dm,10
x,11
x,11
lm,11
x,11
x,11
lm,11
x,11
x,11
x,11
dm,12
dm,12
x,12
mlm,12
dm,12
lm,12
x,12
mlm,12
x,12
mlm,12
mlm,12
mdm,13
mlm,13
mlm,13
mlm,13
dm,13
x,13
dm,13
dm,13
lm,13
lm,13
x,13
x,13
x,13
dm,13
mlm,13
x,13
x,13
x,13
dm,13
lm,13
mlm,13
dm,13
mlm,13
dm,13
lm,13
mlm,13
mlm,13
x,13
mlm,13
dm,13
lm,13
lm,13
x,13
x,13
lm,13
mdm,13
lm,13
mdm,13
x,13
mlm,13
dm,14
dm,14
dm,14
lm,14
x,14
x,14
dm,14
x,14
x,14
x,15
x,15
dm,15
x,15
x,16
mlm,16
dm,16
dm,16
dm,16
lm,16
dm,16
mlm,16
mlm,16
mlm,16
x,16
mlm,16
x,16
x,16
x,16
mlm,16
mlm,16
mlm,16
dm,16
mlm,16
dm,16
mlm,16
mlm,16
x,17
lm,17
lm,17
x,17
mlm,17
lm,17
x,17
x,17
mlm,17
mlm,17
x,17
mlm,17
lm,17
dm,17
mlm,17
mlm,17
mlm,17
x,17
lm,17
mlm,17
x,17
lm,17
lm,17
mlm,17
mlm,18
x,18
lm,18
lm,19
mlm,19
mlm,19
x,19
dm,19
mlm,19
x,19
mdm,19
x,19
dm,19
lm,19
lm,19
dm,19
mlm,19
x,19
lm,19
lm,19
mlm,19
x,19
dm,19
x,19
x,19
mlm,19
lm,20
lm,20
x,20
lm,20
mlm,21
dm,21
dm,21
x,21
mdm,21
x,21
x,21
mlm,21
x,21
x,21
mlm,21
dm,21
x,21
lm,21
x,21
lm,21
dm,21
dm,21
mdm,21
x,21
x,22
dm,22
mlm,22
dm,22
mlm,22
lm,22
mlm,22
lm,23
lm,23
lm,23
dm,23
x,23
lm,23
mdm,23
dm,23
mlm,23
x,23
dm,23
x,23
x,23
lm,23
lm,23
x,23
x,23
mlm,23
lm,23
mlm,23
dm,23
dm,23
x,23
mlm,23
lm,24
x,24
dm,24
mdm,24
x,24
x,24
lm,25
x,25
x,25
dm,25
x,25
dm,25
lm,25
lm,25
x,25
x,25
mlm,25
mlm,25
lm,25
dm,25
x,25
x,25
dm,25
x,25
mlm,25
x,25
x,26
mlm,26
mlm,26
lm,26
x,26
mlm,26
lm,26
x,26
mlm,26
dm,26
mlm,26
lm,26
mlm,26
x,26
x,26
x,26
lm,27
mlm,27
x,27
lm,27
lm,27
lm,27
lm,27
mlm,27
dm,27
x,27
dm,27
x,27
x,27
dm,27
mlm,27
lm,27
x,27
mlm,28
x,28
lm,28
mlm,29
dm,29
lm,29
x,29
dm,29
x,29
mlm,29
x,29
x,29
x,29
mlm,29
mlm,29
lm,30
mlm,30
lm,30
x,30
x,30
x,30
lm,30
mlm,30
x,30
lm,31
x,31
lm,31
dm,31
lm,31
x,31
x,31
mlm,31
mlm,31
mlm,31
mlm,31
x,31
x,31
x,31
lm,31
x,31
mlm,31
x,31
mdm,31
mlm,31
mdm,31
mlm,31
mdm,31
x,31
dm,31
x,31
x,31
mlm,31
x,31
mlm,31
x,31
mlm,31
dm,31
x,31
mdm,31
x,31
mlm,31
lm,31
x,31
mlm,31
lm,31
x,31
lm,31
mlm,31
mlm,31
dm,31
x,31
x,31
mlm,31
mlm,31
mlm,31
lm,31
x,31
mlm,31
x,31
x,31
dm,31
mlm,31
x,31
x,32
dm,32
x,32
dm,32
x,32
dm,32
x,32
lm,32
mlm,32
dm,32
mlm,32
mlm,32
x,32
dm,32
lm,32
mlm,32
x,32
lm,32
x,32
mlm,32
mlm,32
lm,32
mlm,32
dm,32
mlm,32
lm,32
dm,32
dm,32
mlm,32
mdm,32
mlm,32
mlm,32
lm,32
lm,32
dm,32
x,32
x,32
mlm,32
mlm,32
dm,32
dm,32
x,32
dm,32
x,32
x,32
mlm,32
mlm,32
x,32
x,32
x,32
x,33
dm,33
x,33
x,33
x,33
lm,33
dm,33
x,33
mlm,33
mlm,33
x,33
mlm,33
mlm,34
mlm,34
x,34
x,34
mlm,34
dm,34
dm,34
dm,34
x,34
mlm,34
lm,34
mlm,35
mlm,35
x,35
x,35
x,35
dm,35
lm,35
dm,35
x,36
x,36
mlm,36
lm,36
mlm,36
mlm,36
dm,36
mlm,36
lm,36
x,36
dm,36
dm,36
lm,37
lm,37
mlm,38
mlm,38
x,38
x,38
x,39
mlm,39
dm,39
mlm,39
mdm,39
x,40
x,40
mlm,40
x,40
x,40
x,41
dm,41
x,41
mlm,41
lm,41
x,41
x,41
x,41
mlm,41
x,41
x,41
x,41
x,41
mlm,41
lm,41
dm,41
lm,41
x,41
mlm,41
mlm,41
dm,41
x,42
mdm,42
lm,42
x,42
mlm,42
dm,42
x,42
mdm,42
dm,42
x,43
x,43
mlm,43
x,43
lm,43
dm,43
dm,43
dm,43
x,43
mlm,43
x,43
x,43
x,43
x,43
x,43
x,43
dm,43
x,43
x,43
dm,43
dm,43
lm,43
mlm,43
mlm,43
mlm,44
x,44
dm,44
x,44
dm,44
x,44
x,44
x,44
lm,44
dm,44
mlm,44
dm,44
mlm,44
lm,44
x,44
x,44
mlm,44
mlm,44
mlm,44
dm,44
x,44
dm,44
mdm,45
dm,46
x,46
lm,46
x,46
lm,46
mlm,46
dm,46
x,46
x,46
dm,46
lm,46
dm,46
x,47
mdm,47
x,47
mlm,47
dm,47
dm,47
x,47
lm,47
x,47
lm,47
x,47
x,47
lm,47
mlm,47
lm,47
mlm,47
x,47
lm,47
mlm,47
x,47
lm,47
mlm,47
mlm,47
dm,47
mlm,47
x,47
mlm,47
lm,47
lm,47
mlm,47
x,47
mlm,48
x,48
x,49
x,50
dm,50
lm,51
dm,51
dm,51
lm,51
dm,51
mlm,51
x,51
x,51
x,51
lm,51
mlm,53
mlm,53
mlm,53
x,54
x,54
x,54
dm,54
dm,54
lm,54
dm,54
x,54
x,101
x,101
dm,101
x,101
x,101
mlm,101
mlm,101
dm,101
x,101
lm,52
x,52
mlm,52
lm,52
dm,52
x,108
x,108
dm,108
lm,109
dm,109
x,109
dm,109
x,109
dm,100
dm,100
mlm,100
x,100
mlm,100
x,100
x,100
dm,100
x,100
dm,100
x,100
x,100
dm,100
x,100
x,100